bytes	path
1188752	0/12496910/air-conditioners1.jpg
732423	1920,740x740+158+0/13453386/Condensingunitswithsemi-hermeticcompressor.jpg
731945	1920,740x740+158+0/13453388/CondensingUnits.jpg
701548	0/12563246/New-Project-5-768x512.png
701257	1024,740x740+158+0/13453386/Condensingunitswithsemi-hermeticcompressor.jpg
698637	1024,740x740+158+0/13453388/CondensingUnits.jpg
696994	768/12563246/New-Project-5-768x512.png
656109	0/12563303/New-Project-768x512.png
648596	768/12563303/New-Project-768x512.png
630349	0/13453320/1.2.jpg
622893	0/12563314/New-Project-8-768x512.png
617956	800/13453320/1.2.jpg
616358	768/12563314/New-Project-8-768x512.png
580751	0/12563309/New-Project-9-768x512.png
578552	0/12563184/New-Project-3-768x512.png
574938	768/12563309/New-Project-9-768x512.png
572789	768/12563184/New-Project-3-768x512.png
570757	1024/13453386/Condensingunitswithsemi-hermeticcompressor.jpg
544159	1057/13453386/Condensingunitswithsemi-hermeticcompressor.jpg
540318	optimized/12496910/0/air-conditioners1-5000.jpg
540318	optimized/12496910/air-conditioners1-5000.jpg
518631	0,740x740+158+0/13453386/Condensingunitswithsemi-hermeticcompressor.jpg
